{
  "hash": "17fc58d0",
  "configHash": "eaeaa064",
  "lockfileHash": "82556c49",
  "browserHash": "640c0d1b",
  "optimized": {
    "@angular/common/http": {
      "src": "../../../../../../node_modules/@angular/common/fesm2022/http.mjs",
      "file": "@angular_common_http.js",
      "fileHash": "873722b6",
      "needsInterop": false
    },
    "@angular/core": {
      "src": "../../../../../../node_modules/@angular/core/fesm2022/core.mjs",
      "file": "@angular_core.js",
      "fileHash": "96b21444",
      "needsInterop": false
    },
    "@angular/platform-browser": {
      "src": "../../../../../../node_modules/@angular/platform-browser/fesm2022/platform-browser.mjs",
      "file": "@angular_platform-browser.js",
      "fileHash": "ad3ecac9",
      "needsInterop": false
    },
    "@angular/router": {
      "src": "../../../../../../node_modules/@angular/router/fesm2022/router.mjs",
      "file": "@angular_router.js",
      "fileHash": "d765bd45",
      "needsInterop": false
    }
  },
  "chunks": {
    "chunk-6WZ3V5QH": {
      "file": "chunk-6WZ3V5QH.js"
    },
    "chunk-GRO42TOE": {
      "file": "chunk-GRO42TOE.js"
    },
    "chunk-MBENSOCI": {
      "file": "chunk-MBENSOCI.js"
    }
  }
}